{
  "seed": 42,
  "n_states": 4,
  "n_observations": 4,
  "n_actions": 2,
  "n_inference_iterations": 160,
  "observation_noise": 0.05,
  "A_matrix": [
    [
      0.8500000238418579,
      0.05000000074505806,
      0.05000000074505806,
      0.05000000074505806
    ],
    [
      0.05000000074505806,
      0.8500000238418579,
      0.05000000074505806,
      0.05000000074505806
    ],
    [
      0.05000000074505806,
      0.05000000074505806,
      0.8500000238418579,
      0.05000000074505806
    ],
    [
      0.05000000074505806,
      0.05000000074505806,
      0.05000000074505806,
      0.8500000238418579
    ]
  ],
  "B_tensor": [
    [
      [
        0.0,
        0.0
      ],
      [
        0.0,
        1.0
      ],
      [
        0.0,
        0.0
      ],
      [
        1.0,
        0.0
      ]
    ],
    [
      [
        1.0,
        0.0
      ],
      [
        0.0,
        0.0
      ],
      [
        0.0,
        1.0
      ],
      [
        0.0,
        0.0
      ]
    ],
    [
      [
        0.0,
        0.0
      ],
      [
        1.0,
        0.0
      ],
      [
        0.0,
        0.0
      ],
      [
        0.0,
        1.0
      ]
    ],
    [
      [
        0.0,
        1.0
      ],
      [
        0.0,
        0.0
      ],
      [
        1.0,
        0.0
      ],
      [
        0.0,
        0.0
      ]
    ]
  ],
  "C_preferences": [
    0.0,
    0.0,
    0.0,
    0.0
  ],
  "D_prior": [
    0.25,
    0.25,
    0.25,
    0.25
  ],
  "n_samples": 200,
  "n_warmup": 50,
  "steps_per_sample": 5
}
